Ticker;Nom;Secteur;Pays;Prix Actuel;Devise;Capitalisation (M);Année;Chiffre d'Affaires (M);Résultat Net (M);Marge Nette (%);ROE (%);Dette/Equity;PER (Trailing);Croissance CA 3ans (%);Croissance Bénéfice 3ans (%);Tendance
BMW.DE;Bayerische Motoren Werke Aktiengesellschaft;Consumer Cyclical;Germany;94.56;EUR;57640.6;2024;142380.0;7290.0;5.12;7.9;0.93;8.309315;-0.16;-59.37;Stable
BMW.DE;Bayerische Motoren Werke Aktiengesellschaft;Consumer Cyclical;Germany;94.56;EUR;57640.6;2023;155498.0;11290.0;7.26;12.6;0.8;8.309315;-0.16;-59.37;Stable
BMW.DE;Bayerische Motoren Werke Aktiengesellschaft;Consumer Cyclical;Germany;94.56;EUR;57640.6;2022;142610.0;17941.0;12.58;20.59;0.82;8.309315;-0.16;-59.37;Stable
BMW.DE;Bayerische Motoren Werke Aktiengesellschaft;Consumer Cyclical;Germany;94.56;EUR;57640.6;2021;111239.0;12382.0;11.13;16.65;1.13;8.309315;-0.16;-59.37;Stable
BN.PA;Danone S.A.;Consumer Defensive;France;76.32;EUR;49148.9;2024;27376.0;2021.0;7.38;11.36;0.8;26.778948;-1.03;110.74;Stable
BN.PA;Danone S.A.;Consumer Defensive;France;76.32;EUR;49148.9;2023;27619.0;881.0;3.19;5.45;0.96;26.778948;-1.03;110.74;Stable
BN.PA;Danone S.A.;Consumer Defensive;France;76.32;EUR;49148.9;2022;27661.0;959.0;3.47;5.35;0.79;26.778948;-1.03;110.74;Stable
BN.PA;Danone S.A.;Consumer Defensive;France;76.32;EUR;49148.9;2021;24281.0;1924.0;7.92;11.14;0.94;26.778948;-1.03;110.74;Stable
CDR.WA;CD Projekt S.A.;Communication Services;Poland;241.3;PLN;24108.4;2024;985.0;469.9;47.7;16.78;;42.63251;3.41;35.37;Stable
CDR.WA;CD Projekt S.A.;Communication Services;Poland;241.3;PLN;24108.4;2023;1230.2;481.1;39.11;20.02;;42.63251;3.41;35.37;Stable
CDR.WA;CD Projekt S.A.;Communication Services;Poland;241.3;PLN;24108.4;2022;952.6;347.1;36.44;17.09;0.01;42.63251;3.41;35.37;Stable
CDR.WA;CD Projekt S.A.;Communication Services;Poland;241.3;PLN;24108.4;2021;888.2;208.9;23.52;11.03;0.02;42.63251;3.41;35.37;Stable
DTE.DE;Deutsche Telekom AG;Communication Services;Germany;27.86;EUR;138704.2;2024;115111.0;11209.0;9.74;17.71;2.32;11.279352;1.32;40.09;Stable
DTE.DE;Deutsche Telekom AG;Communication Services;Germany;27.86;EUR;138704.2;2023;111308.0;17788.0;15.98;31.25;2.45;11.279352;1.32;40.09;Stable
DTE.DE;Deutsche Telekom AG;Communication Services;Germany;27.86;EUR;138704.2;2022;113608.0;8001.0;7.04;16.48;2.98;11.279352;1.32;40.09;Stable
DTE.DE;Deutsche Telekom AG;Communication Services;Germany;27.86;EUR;138704.2;2021;107334.0;4176.0;3.89;9.78;3.26;11.279352;1.32;40.09;Stable
KGH.WA;KGHM Polska Miedz S.A.;Basic Materials;Poland;282.5;PLN;56500.0;2024;35320.0;2868.0;8.12;9.25;0.2;22.018705;4.35;-39.9;Stable
KGH.WA;KGHM Polska Miedz S.A.;Basic Materials;Poland;282.5;PLN;56500.0;2023;33467.0;-3698.0;-11.05;-12.95;0.2;22.018705;4.35;-39.9;Stable
KGH.WA;KGHM Polska Miedz S.A.;Basic Materials;Poland;282.5;PLN;56500.0;2022;33847.0;4772.0;14.1;14.87;0.2;22.018705;4.35;-39.9;Stable
KGH.WA;KGHM Polska Miedz S.A.;Basic Materials;Poland;282.5;PLN;56500.0;2021;29803.0;6156.0;20.66;22.76;0.22;22.018705;4.35;-39.9;Stable
MBG.DE;Mercedes-Benz Group AG;Consumer Cyclical;Germany;60.91;EUR;58650.5;2024;145594.0;10207.0;7.01;11.02;1.0;9.399692;-2.95;-29.61;Stable
MBG.DE;Mercedes-Benz Group AG;Consumer Cyclical;Germany;60.91;EUR;58650.5;2023;152390.0;14261.0;9.36;15.54;0.96;9.399692;-2.95;-29.61;Stable
MBG.DE;Mercedes-Benz Group AG;Consumer Cyclical;Germany;60.91;EUR;58650.5;2022;150017.0;14501.0;9.67;16.98;0.99;9.399692;-2.95;-29.61;Stable
MBG.DE;Mercedes-Benz Group AG;Consumer Cyclical;Germany;60.91;EUR;58650.5;2021;133893.0;23006.0;17.18;31.97;1.3;9.399692;-2.95;-29.61;Stable
TEF.MC;Telefónica, S.A.;Communication Services;Spain;3.489;EUR;19689.4;2024;41315.0;-49.0;-0.12;-0.25;2.33;N/A;3.31;-102.44;Stable
TEF.MC;Telefónica, S.A.;Communication Services;Spain;3.489;EUR;19689.4;2023;40652.0;-892.0;-2.19;-4.08;2.02;N/A;3.31;-102.44;Stable
TEF.MC;Telefónica, S.A.;Communication Services;Spain;3.489;EUR;19689.4;2022;39993.0;2011.0;5.03;8.02;1.81;N/A;3.31;-102.44;Stable
TEF.MC;Telefónica, S.A.;Communication Services;Spain;3.489;EUR;19689.4;2021;39277.0;8137.0;20.72;36.64;2.17;N/A;3.31;-102.44;Stable
AI.PA;L'Air Liquide S.A.;Basic Materials;France;158.66;EUR;91842.7;2024;27057.8;3306.1;12.22;12.31;0.46;26.758852;-9.61;19.84;⚠️ Déclin
AI.PA;L'Air Liquide S.A.;Basic Materials;France;158.66;EUR;91842.7;2023;27607.6;3078.0;11.15;12.66;0.49;26.758852;-9.61;19.84;⚠️ Déclin
AI.PA;L'Air Liquide S.A.;Basic Materials;France;158.66;EUR;91842.7;2022;29934.0;2758.8;9.22;11.62;0.56;26.758852;-9.61;19.84;⚠️ Déclin
AI.PA;L'Air Liquide S.A.;Basic Materials;France;158.66;EUR;91842.7;2021;23334.8;2572.2;11.02;11.98;0.65;26.758852;-9.61;19.84;⚠️ Déclin
BAS.DE;BASF SE;Basic Materials;Germany;44.36;EUR;39592.3;2024;65260.0;1298.0;1.99;3.65;0.67;130.47058;-25.27;307.02;⚠️ Déclin
BAS.DE;BASF SE;Basic Materials;Germany;44.36;EUR;39592.3;2023;68902.0;225.0;0.33;0.64;0.61;130.47058;-25.27;307.02;⚠️ Déclin
BAS.DE;BASF SE;Basic Materials;Germany;44.36;EUR;39592.3;2022;87327.0;-627.0;-0.72;-1.58;0.53;130.47058;-25.27;307.02;⚠️ Déclin
BAS.DE;BASF SE;Basic Materials;Germany;44.36;EUR;39592.3;2021;78598.0;5523.0;7.03;13.54;0.47;130.47058;-25.27;307.02;⚠️ Déclin
DHL.DE;Deutsche Post AG;Industrials;Germany;46.58;EUR;53716.8;2024;84186.0;3332.0;3.96;14.0;0.94;15.172639;-10.85;-37.82;⚠️ Déclin
DHL.DE;Deutsche Post AG;Industrials;Germany;46.58;EUR;53716.8;2023;81758.0;3675.0;4.49;16.35;0.93;15.172639;-10.85;-37.82;⚠️ Déclin
DHL.DE;Deutsche Post AG;Industrials;Germany;46.58;EUR;53716.8;2022;94436.0;5359.0;5.67;23.06;0.87;15.172639;-10.85;-37.82;⚠️ Déclin
DHL.DE;Deutsche Post AG;Industrials;Germany;46.58;EUR;53716.8;2021;81747.0;5053.0;6.18;26.54;1.0;15.172639;-10.85;-37.82;⚠️ Déclin
ENEL.MI;Enel SpA;Utilities;Italy;8.948;EUR;89968.7;2024;70649.0;7016.0;9.93;20.8;2.09;14.913333;-31.19;317.12;⚠️ Déclin
ENEL.MI;Enel SpA;Utilities;Italy;8.948;EUR;89968.7;2023;82499.0;3438.0;4.17;10.83;2.32;14.913333;-31.19;317.12;⚠️ Déclin
ENEL.MI;Enel SpA;Utilities;Italy;8.948;EUR;89968.7;2022;102666.0;1682.0;1.64;5.87;3.07;14.913333;-31.19;317.12;⚠️ Déclin
ENEL.MI;Enel SpA;Utilities;Italy;8.948;EUR;89968.7;2021;68372.0;3189.0;4.66;10.75;2.39;14.913333;-31.19;317.12;⚠️ Déclin
ENI.MI;Eni S.p.A.;Energy;Italy;16.386;EUR;48608.7;2024;88797.0;2624.0;2.96;4.97;0.7;19.982927;-32.99;-81.1;⚠️ Déclin
ENI.MI;Eni S.p.A.;Energy;Italy;16.386;EUR;48608.7;2023;93717.0;4771.0;5.09;8.97;0.64;19.982927;-32.99;-81.1;⚠️ Déclin
ENI.MI;Eni S.p.A.;Energy;Italy;16.386;EUR;48608.7;2022;132512.0;13887.0;10.48;25.36;0.58;19.982927;-32.99;-81.1;⚠️ Déclin
ENI.MI;Eni S.p.A.;Energy;Italy;16.386;EUR;48608.7;2021;76575.0;5821.0;7.6;13.1;0.75;19.982927;-32.99;-81.1;⚠️ Déclin
IBE.MC;Iberdrola, S.A.;Utilities;Spain;18.575;EUR;124103.8;2024;44739.0;5612.0;12.54;11.91;1.23;23.21875;-17.07;29.34;⚠️ Déclin
IBE.MC;Iberdrola, S.A.;Utilities;Spain;18.575;EUR;124103.8;2023;49335.0;4803.0;9.74;11.14;1.43;23.21875;-17.07;29.34;⚠️ Déclin
IBE.MC;Iberdrola, S.A.;Utilities;Spain;18.575;EUR;124103.8;2022;53949.0;4339.0;8.04;10.55;1.23;23.21875;-17.07;29.34;⚠️ Déclin
IBE.MC;Iberdrola, S.A.;Utilities;Spain;18.575;EUR;124103.8;2021;39114.0;3885.0;9.93;9.6;1.09;23.21875;-17.07;29.34;⚠️ Déclin
KER.PA;Kering SA;Consumer Cyclical;France;303.1;EUR;37166.2;2024;17194.0;1133.0;6.59;7.6;1.3;51.112988;-15.51;-68.65;⚠️ Déclin
KER.PA;Kering SA;Consumer Cyclical;France;303.1;EUR;37166.2;2023;19566.0;2983.0;15.25;19.61;1.12;51.112988;-15.51;-68.65;⚠️ Déclin
KER.PA;Kering SA;Consumer Cyclical;France;303.1;EUR;37166.2;2022;20351.0;3614.0;17.76;25.82;0.8;51.112988;-15.51;-68.65;⚠️ Déclin
KER.PA;Kering SA;Consumer Cyclical;France;303.1;EUR;37166.2;2021;17645.0;3176.0;18.0;23.8;0.72;51.112988;-15.51;-68.65;⚠️ Déclin
STLAM.MI;Stellantis N.V.;Consumer Cyclical;Netherlands;9.567;EUR;27636.6;2024;156878.0;5473.0;3.49;6.7;0.46;N/A;-12.65;-67.42;⚠️ Déclin
STLAM.MI;Stellantis N.V.;Consumer Cyclical;Netherlands;9.567;EUR;27636.6;2023;189544.0;18596.0;9.81;22.76;0.36;N/A;-12.65;-67.42;⚠️ Déclin
STLAM.MI;Stellantis N.V.;Consumer Cyclical;Netherlands;9.567;EUR;27636.6;2022;179592.0;16799.0;9.35;23.33;0.38;N/A;-12.65;-67.42;⚠️ Déclin
STLAM.MI;Stellantis N.V.;Consumer Cyclical;Netherlands;9.567;EUR;27636.6;2021;149419.0;14200.0;9.5;25.4;0.6;N/A;-12.65;-67.42;⚠️ Déclin
TTE.PA;TotalEnergies SE;Energy;France;56.16;EUR;120583.5;2024;195610.0;15758.0;8.06;13.37;0.43;10.656547;-25.71;-23.23;⚠️ Déclin
TTE.PA;TotalEnergies SE;Energy;France;56.16;EUR;120583.5;2023;218945.0;21384.0;9.77;18.32;0.41;10.656547;-25.71;-23.23;⚠️ Déclin
TTE.PA;TotalEnergies SE;Energy;France;56.16;EUR;120583.5;2022;263310.0;20526.0;7.8;18.37;0.51;10.656547;-25.71;-23.23;⚠️ Déclin
TTE.PA;TotalEnergies SE;Energy;France;56.16;EUR;120583.5;2021;184634.0;16032.0;8.68;14.35;0.56;10.656547;-25.71;-23.23;⚠️ Déclin
ADS.DE;adidas AG;Consumer Cyclical;Germany;170.1;EUR;30371.2;2024;23683.0;764.0;3.23;13.95;1.02;25.088495;5.21;24.84;✅ Croissance
ADS.DE;adidas AG;Consumer Cyclical;Germany;170.1;EUR;30371.2;2023;21427.0;-75.0;-0.35;-1.64;1.21;25.088495;5.21;24.84;✅ Croissance
ADS.DE;adidas AG;Consumer Cyclical;Germany;170.1;EUR;30371.2;2022;22511.0;612.0;2.72;12.26;1.29;25.088495;5.21;24.84;✅ Croissance
ADS.DE;adidas AG;Consumer Cyclical;Germany;170.1;EUR;30371.2;2021;21234.0;2116.0;9.97;28.14;0.71;25.088495;5.21;24.84;✅ Croissance
AIR.PA;Airbus SE;Industrials;Netherlands;201.35;EUR;158941.6;2024;69230.0;4232.0;6.11;21.59;0.58;31.411858;17.81;-0.35;✅ Croissance
AIR.PA;Airbus SE;Industrials;Netherlands;201.35;EUR;158941.6;2023;65446.0;3789.0;5.79;21.41;0.64;31.411858;17.81;-0.35;✅ Croissance
AIR.PA;Airbus SE;Industrials;Netherlands;201.35;EUR;158941.6;2022;58763.0;4247.0;7.23;32.8;0.85;31.411858;17.81;-0.35;✅ Croissance
AIR.PA;Airbus SE;Industrials;Netherlands;201.35;EUR;158941.6;2021;52149.0;4213.0;8.08;44.51;1.42;31.411858;17.81;-0.35;✅ Croissance
BNP.PA;BNP Paribas SA;Financial Services;France;81.17;EUR;90735.4;2024;65870.0;11688.0;17.74;9.12;2.96;8.490585;14.6;18.68;✅ Croissance
BNP.PA;BNP Paribas SA;Financial Services;France;81.17;EUR;90735.4;2023;59735.0;10975.0;18.37;8.87;2.8;8.490585;14.6;18.68;✅ Croissance
BNP.PA;BNP Paribas SA;Financial Services;France;81.17;EUR;90735.4;2022;57477.0;9848.0;17.13;8.12;2.42;8.490585;14.6;18.68;✅ Croissance
BNP.PA;BNP Paribas SA;Financial Services;France;81.17;EUR;90735.4;2021;56355.0;9488.0;16.84;8.05;2.37;8.490585;14.6;18.68;✅ Croissance
DG.PA;Vinci SA;Industrials;France;119.65;EUR;66535.2;2024;72768.0;4863.0;6.68;16.24;1.21;14.398314;16.4;14.18;✅ Croissance
DG.PA;Vinci SA;Industrials;France;119.65;EUR;66535.2;2023;69885.0;4702.0;6.73;16.73;1.12;14.398314;16.4;14.18;✅ Croissance
DG.PA;Vinci SA;Industrials;France;119.65;EUR;66535.2;2022;62514.0;4259.0;6.81;16.42;1.2;14.398314;16.4;14.18;✅ Croissance
DG.PA;Vinci SA;Industrials;France;119.65;EUR;66535.2;2021;50230.0;2597.0;5.17;11.35;1.39;14.398314;16.4;14.18;✅ Croissance
EL.PA;EssilorLuxottica Société anonyme;Healthcare;France;268.3;EUR;124273.7;2024;26508.0;2359.0;8.9;5.84;0.33;51.996124;8.22;9.62;✅ Croissance
EL.PA;EssilorLuxottica Société anonyme;Healthcare;France;268.3;EUR;124273.7;2023;25395.0;2289.0;9.01;5.99;0.3;51.996124;8.22;9.62;✅ Croissance
EL.PA;EssilorLuxottica Société anonyme;Healthcare;France;268.3;EUR;124273.7;2022;24494.0;2152.0;8.79;5.75;0.33;51.996124;8.22;9.62;✅ Croissance
EL.PA;EssilorLuxottica Société anonyme;Healthcare;France;268.3;EUR;124273.7;2021;19820.0;1448.0;7.31;4.13;0.37;51.996124;8.22;9.62;✅ Croissance
ITX.MC;Industria de Diseño Textil, S.A.;Consumer Cyclical;Spain;56.4;EUR;175763.1;2025;38632.0;5866.0;15.18;29.81;0.3;29.072165;18.62;42.03;✅ Croissance
ITX.MC;Industria de Diseño Textil, S.A.;Consumer Cyclical;Spain;56.4;EUR;175763.1;2024;35947.0;5381.0;14.97;28.86;0.31;29.072165;18.62;42.03;✅ Croissance
ITX.MC;Industria de Diseño Textil, S.A.;Consumer Cyclical;Spain;56.4;EUR;175763.1;2023;32569.0;4130.0;12.68;24.28;0.33;29.072165;18.62;42.03;✅ Croissance
ITX.MC;Industria de Diseño Textil, S.A.;Consumer Cyclical;Spain;56.4;EUR;175763.1;2022;27716.0;3243.0;11.7;20.61;0.38;29.072165;18.62;42.03;✅ Croissance
MC.PA;LVMH Moët Hennessy - Louis Vuitton, Société Européenne;Consumer Cyclical;France;640.4;EUR;317899.7;2024;84682.0;12550.0;14.82;18.59;0.61;29.12233;6.94;-10.89;✅ Croissance
MC.PA;LVMH Moët Hennessy - Louis Vuitton, Société Européenne;Consumer Cyclical;France;640.4;EUR;317899.7;2023;86153.0;15174.0;17.61;24.87;0.64;29.12233;6.94;-10.89;✅ Croissance
MC.PA;LVMH Moët Hennessy - Louis Vuitton, Société Européenne;Consumer Cyclical;France;640.4;EUR;317899.7;2022;79183.0;14084.0;17.79;25.56;0.64;29.12233;6.94;-10.89;✅ Croissance
MC.PA;LVMH Moët Hennessy - Louis Vuitton, Société Européenne;Consumer Cyclical;France;640.4;EUR;317899.7;2021;64215.0;12036.0;18.74;25.54;0.74;29.12233;6.94;-10.89;✅ Croissance
MONC.MI;Moncler S.p.A.;Consumer Cyclical;Italy;55.02;EUR;14943.3;2024;3108.9;639.6;20.57;17.83;0.27;24.345133;19.44;5.42;✅ Croissance
MONC.MI;Moncler S.p.A.;Consumer Cyclical;Italy;55.02;EUR;14943.3;2023;2984.2;611.9;20.51;19.04;0.26;24.345133;19.44;5.42;✅ Croissance
MONC.MI;Moncler S.p.A.;Consumer Cyclical;Italy;55.02;EUR;14943.3;2022;2602.9;606.7;23.31;20.9;0.31;24.345133;19.44;5.42;✅ Croissance
MONC.MI;Moncler S.p.A.;Consumer Cyclical;Italy;55.02;EUR;14943.3;2021;2046.1;393.5;19.23;15.75;0.37;24.345133;19.44;5.42;✅ Croissance
MUV2.DE;Münchener Rückversicherungs-Gesellschaft Aktiengesellschaft in München;Financial Services;Germany;554.2;EUR;72825.4;2024;42306.0;5685.0;13.44;17.42;0.19;11.584449;6.55;7.0;✅ Croissance
MUV2.DE;Münchener Rückversicherungs-Gesellschaft Aktiengesellschaft in München;Financial Services;Germany;554.2;EUR;72825.4;2023;39684.0;4606.0;11.61;15.53;0.16;11.584449;6.55;7.0;✅ Croissance
MUV2.DE;Münchener Rückversicherungs-Gesellschaft Aktiengesellschaft in München;Financial Services;Germany;554.2;EUR;72825.4;2022;39707.0;5313.0;13.38;19.61;0.18;11.584449;6.55;7.0;✅ Croissance
MUV2.DE;Münchener Rückversicherungs-Gesellschaft Aktiengesellschaft in München;Financial Services;Germany;554.2;EUR;72825.4;2021;64458.0;2933.0;4.55;9.51;0.22;11.584449;6.55;7.0;✅ Croissance
OR.PA;L'Oréal S.A.;Consumer Defensive;France;364.85;EUR;194750.7;2024;43486.8;6408.7;14.74;19.34;0.26;31.892485;13.66;12.3;✅ Croissance
OR.PA;L'Oréal S.A.;Consumer Defensive;France;364.85;EUR;194750.7;2023;41182.5;6184.0;15.02;21.27;0.3;31.892485;13.66;12.3;✅ Croissance
OR.PA;L'Oréal S.A.;Consumer Defensive;France;364.85;EUR;194750.7;2022;38260.6;5706.6;14.92;21.0;0.21;31.892485;13.66;12.3;✅ Croissance
OR.PA;L'Oréal S.A.;Consumer Defensive;France;364.85;EUR;194750.7;2021;32287.6;4597.1;14.24;19.49;0.27;31.892485;13.66;12.3;✅ Croissance
PRY.MI;Prysmian S.p.A.;Industrials;Italy;87.74;EUR;25162.2;2024;17026.0;729.0;4.28;14.33;1.06;21.4;5.97;44.64;✅ Croissance
PRY.MI;Prysmian S.p.A.;Industrials;Italy;87.74;EUR;25162.2;2023;15354.0;529.0;3.45;13.99;0.81;21.4;5.97;44.64;✅ Croissance
PRY.MI;Prysmian S.p.A.;Industrials;Italy;87.74;EUR;25162.2;2022;16067.0;504.0;3.14;14.06;0.86;21.4;5.97;44.64;✅ Croissance
PRY.MI;Prysmian S.p.A.;Industrials;Italy;87.74;EUR;25162.2;2021;12736.0;308.0;2.42;10.57;1.28;21.4;5.97;44.64;✅ Croissance
SAN.MC;Banco Santander, S.A.;Financial Services;Spain;10.1;EUR;148348.7;2024;63842.0;12574.0;19.7;12.75;3.32;12.02381;17.75;30.91;✅ Croissance
SAN.MC;Banco Santander, S.A.;Financial Services;Spain;10.1;EUR;148348.7;2023;59878.0;11076.0;18.5;11.61;3.26;12.02381;17.75;30.91;✅ Croissance
SAN.MC;Banco Santander, S.A.;Financial Services;Spain;10.1;EUR;148348.7;2022;54216.0;9605.0;17.72;10.78;3.18;12.02381;17.75;30.91;✅ Croissance
SAN.MC;Banco Santander, S.A.;Financial Services;Spain;10.1;EUR;148348.7;2021;48406.0;8124.0;16.78;9.35;2.86;12.02381;17.75;30.91;✅ Croissance
SAN.PA;Sanofi;Healthcare;France;82.45;EUR;99879.1;2024;44286.0;5560.0;12.55;7.17;0.23;15.734733;9.18;-33.58;✅ Croissance
SAN.PA;Sanofi;Healthcare;France;82.45;EUR;99879.1;2023;41618.0;5400.0;12.98;7.29;0.25;15.734733;9.18;-33.58;✅ Croissance
SAN.PA;Sanofi;Healthcare;France;82.45;EUR;99879.1;2022;40561.0;8371.0;20.64;11.19;0.28;15.734733;9.18;-33.58;✅ Croissance
SAN.PA;Sanofi;Healthcare;France;82.45;EUR;99879.1;2021;39175.0;6223.0;15.89;9.06;0.33;15.734733;9.18;-33.58;✅ Croissance
SAP.DE;SAP SE;Technology;Germany;208.45;EUR;242761.8;2024;34176.0;3124.0;9.14;6.88;0.23;34.626244;15.78;36.78;✅ Croissance
SAP.DE;SAP SE;Technology;Germany;208.45;EUR;242761.8;2023;31207.0;6139.0;19.67;14.22;0.2;34.626244;15.78;36.78;✅ Croissance
SAP.DE;SAP SE;Technology;Germany;208.45;EUR;242761.8;2022;29519.0;2284.0;7.74;5.68;0.33;34.626244;15.78;36.78;✅ Croissance
SAP.DE;SAP SE;Technology;Germany;208.45;EUR;242761.8;2021;26953.0;5256.0;19.5;13.53;0.39;34.626244;15.78;36.78;✅ Croissance
SIE.DE;Siemens Aktiengesellschaft;Industrials;Germany;238.2;EUR;186562.4;2025;78914.0;9620.0;12.19;15.46;0.9;25.021008;5.38;21.02;✅ Croissance
SIE.DE;Siemens Aktiengesellschaft;Industrials;Germany;238.2;EUR;186562.4;2024;75930.0;8301.0;10.93;16.19;0.93;25.021008;5.38;21.02;✅ Croissance
SIE.DE;Siemens Aktiengesellschaft;Industrials;Germany;238.2;EUR;186562.4;2023;74882.0;7949.0;10.62;16.64;0.98;25.021008;5.38;21.02;✅ Croissance
SIE.DE;Siemens Aktiengesellschaft;Industrials;Germany;238.2;EUR;186562.4;2022;71977.0;3723.0;5.17;7.61;1.04;25.021008;5.38;21.02;✅ Croissance
SIE.DE;Siemens Aktiengesellschaft;Industrials;Germany;238.2;EUR;186562.4;2021;;;;0.0;0.0;25.021008;5.38;21.02;✅ Croissance
SU.PA;Schneider Electric S.E.;Industrials;France;235.0;EUR;132122.4;2024;38153.0;4269.0;11.19;14.0;0.49;29.265257;11.64;22.78;✅ Croissance
SU.PA;Schneider Electric S.E.;Industrials;France;235.0;EUR;132122.4;2023;35902.0;4003.0;11.15;15.13;0.53;29.265257;11.64;22.78;✅ Croissance
SU.PA;Schneider Electric S.E.;Industrials;France;235.0;EUR;132122.4;2022;34176.0;3477.0;10.17;13.67;0.41;29.265257;11.64;22.78;✅ Croissance
SU.PA;Schneider Electric S.E.;Industrials;France;235.0;EUR;132122.4;2021;28905.0;3204.0;11.08;13.11;0.4;29.265257;11.64;22.78;✅ Croissance
ALE.WA;Allegro.eu S.A.;Consumer Cyclical;Luxembourg;31.215;PLN;32878.8;2024;10821.2;1034.6;9.56;10.26;0.63;24.197676;20.17;153.97;🚀 Hyper-Croissance
ALE.WA;Allegro.eu S.A.;Consumer Cyclical;Luxembourg;31.215;PLN;32878.8;2023;10185.3;284.1;2.79;3.14;0.74;24.197676;20.17;153.97;🚀 Hyper-Croissance
ALE.WA;Allegro.eu S.A.;Consumer Cyclical;Luxembourg;31.215;PLN;32878.8;2022;9004.9;-1916.8;-21.29;-21.34;0.8;24.197676;20.17;153.97;🚀 Hyper-Croissance
ALE.WA;Allegro.eu S.A.;Consumer Cyclical;Luxembourg;31.215;PLN;32878.8;2021;5352.9;1089.6;20.36;11.53;0.59;24.197676;20.17;153.97;🚀 Hyper-Croissance
ALV.DE;Allianz SE;Financial Services;Germany;388.2;EUR;149671.0;2024;136916.0;9931.0;7.25;16.47;0.53;14.324723;71.45;54.66;🚀 Hyper-Croissance
ALV.DE;Allianz SE;Financial Services;Germany;388.2;EUR;149671.0;2023;119667.0;8541.0;7.14;14.67;0.51;14.324723;71.45;54.66;🚀 Hyper-Croissance
ALV.DE;Allianz SE;Financial Services;Germany;388.2;EUR;149671.0;2022;79860.0;6421.0;8.04;11.8;0.54;14.324723;71.45;54.66;🚀 Hyper-Croissance
ALV.DE;Allianz SE;Financial Services;Germany;388.2;EUR;149671.0;2021;118911.0;6610.0;5.56;10.81;0.58;14.324723;71.45;54.66;🚀 Hyper-Croissance
AMS.MC;Amadeus IT Group, S.A.;Technology;Spain;62.86;EUR;27115.2;2024;6141.7;1253.0;20.4;24.75;0.67;20.745874;36.91;88.59;🚀 Hyper-Croissance
AMS.MC;Amadeus IT Group, S.A.;Technology;Spain;62.86;EUR;27115.2;2023;5441.2;1117.6;20.54;24.93;0.74;20.745874;36.91;88.59;🚀 Hyper-Croissance
AMS.MC;Amadeus IT Group, S.A.;Technology;Spain;62.86;EUR;27115.2;2022;4485.9;664.4;14.81;14.49;0.96;20.745874;36.91;88.59;🚀 Hyper-Croissance
AMS.MC;Amadeus IT Group, S.A.;Technology;Spain;62.86;EUR;27115.2;2021;2670.0;-142.4;-5.33;-3.8;1.33;20.745874;36.91;88.59;🚀 Hyper-Croissance
BBVA.MC;Banco Bilbao Vizcaya Argentaria, S.A.;Financial Services;Spain;20.12;EUR;114778.3;2024;39235.0;10054.0;25.63;18.07;1.36;11.563219;39.8;58.13;🚀 Hyper-Croissance
BBVA.MC;Banco Bilbao Vizcaya Argentaria, S.A.;Financial Services;Spain;20.12;EUR;114778.3;2023;33427.0;8019.0;23.99;15.51;1.44;11.563219;39.8;58.13;🚀 Hyper-Croissance
BBVA.MC;Banco Bilbao Vizcaya Argentaria, S.A.;Financial Services;Spain;20.12;EUR;114778.3;2022;28065.0;6358.0;22.65;13.56;1.28;11.563219;39.8;58.13;🚀 Hyper-Croissance
BBVA.MC;Banco Bilbao Vizcaya Argentaria, S.A.;Financial Services;Spain;20.12;EUR;114778.3;2021;22996.0;4653.0;20.23;10.6;1.41;11.563219;39.8;58.13;🚀 Hyper-Croissance
DNP.WA;Dino Polska S.A.;Consumer Defensive;Poland;41.33;PLN;40519.9;2024;29273.8;1505.0;5.14;21.24;0.15;25.048487;47.84;32.94;🚀 Hyper-Croissance
DNP.WA;Dino Polska S.A.;Consumer Defensive;Poland;41.33;PLN;40519.9;2023;25666.3;1405.3;5.48;25.07;0.21;25.048487;47.84;32.94;🚀 Hyper-Croissance
DNP.WA;Dino Polska S.A.;Consumer Defensive;Poland;41.33;PLN;40519.9;2022;19801.6;1132.1;5.72;26.93;0.27;25.048487;47.84;32.94;🚀 Hyper-Croissance
DNP.WA;Dino Polska S.A.;Consumer Defensive;Poland;41.33;PLN;40519.9;2021;13362.0;805.3;6.03;26.23;0.28;25.048487;47.84;32.94;🚀 Hyper-Croissance
ISP.MI;Intesa Sanpaolo S.p.A.;Financial Services;Italy;5.902;EUR;102598.1;2024;28294.0;8666.0;30.63;13.3;2.25;11.572549;31.2;97.9;🚀 Hyper-Croissance
ISP.MI;Intesa Sanpaolo S.p.A.;Financial Services;Italy;5.902;EUR;102598.1;2023;25416.0;7724.0;30.39;12.08;2.22;11.572549;31.2;97.9;🚀 Hyper-Croissance
ISP.MI;Intesa Sanpaolo S.p.A.;Financial Services;Italy;5.902;EUR;102598.1;2022;21565.0;4379.0;20.31;7.17;1.61;11.572549;31.2;97.9;🚀 Hyper-Croissance
ISP.MI;Intesa Sanpaolo S.p.A.;Financial Services;Italy;5.902;EUR;102598.1;2021;21898.0;4185.0;19.11;6.56;1.59;11.572549;31.2;97.9;🚀 Hyper-Croissance
PKO.WA;Powszechna Kasa Oszczednosci Bank Polski Spólka Akcyjna;Financial Services;Poland;86.46;PLN;108075.0;2024;28869.0;9304.0;32.23;17.76;0.58;10.391828;67.05;180.92;🚀 Hyper-Croissance
PKO.WA;Powszechna Kasa Oszczednosci Bank Polski Spólka Akcyjna;Financial Services;Poland;86.46;PLN;108075.0;2023;24215.0;5502.0;22.72;12.16;0.5;10.391828;67.05;180.92;🚀 Hyper-Croissance
PKO.WA;Powszechna Kasa Oszczednosci Bank Polski Spólka Akcyjna;Financial Services;Poland;86.46;PLN;108075.0;2022;17282.0;3312.0;19.16;9.27;0.6;10.391828;67.05;180.92;🚀 Hyper-Croissance
PKO.WA;Powszechna Kasa Oszczednosci Bank Polski Spólka Akcyjna;Financial Services;Poland;86.46;PLN;108075.0;2021;15094.0;4874.0;32.29;12.93;0.8;10.391828;67.05;180.92;🚀 Hyper-Croissance
RACE.MI;Ferrari N.V.;Consumer Cyclical;Italy;316.4;EUR;56095.9;2024;6676.7;1521.9;22.79;43.06;0.95;35.3125;31.04;63.18;🚀 Hyper-Croissance
RACE.MI;Ferrari N.V.;Consumer Cyclical;Italy;316.4;EUR;56095.9;2023;5970.1;1252.0;20.97;40.9;0.81;35.3125;31.04;63.18;🚀 Hyper-Croissance
RACE.MI;Ferrari N.V.;Consumer Cyclical;Italy;316.4;EUR;56095.9;2022;5095.3;932.6;18.3;35.97;1.08;35.3125;31.04;63.18;🚀 Hyper-Croissance
RACE.MI;Ferrari N.V.;Consumer Cyclical;Italy;316.4;EUR;56095.9;2021;4270.9;830.8;19.45;37.66;1.19;35.3125;31.04;63.18;🚀 Hyper-Croissance
UCG.MI;UniCredit S.p.A.;Financial Services;Italy;70.7;EUR;106517.1;2024;26579.0;9719.0;36.57;15.57;1.97;10.695914;26.34;50.5;🚀 Hyper-Croissance
UCG.MI;UniCredit S.p.A.;Financial Services;Italy;70.7;EUR;106517.1;2023;25360.0;9507.0;37.49;14.84;1.91;10.695914;26.34;50.5;🚀 Hyper-Croissance
UCG.MI;UniCredit S.p.A.;Financial Services;Italy;70.7;EUR;106517.1;2022;21037.0;6458.0;30.7;10.2;1.82;10.695914;26.34;50.5;🚀 Hyper-Croissance
UCG.MI;UniCredit S.p.A.;Financial Services;Italy;70.7;EUR;106517.1;2021;18674.0;2096.0;11.22;3.37;2.02;10.695914;26.34;50.5;🚀 Hyper-Croissance
